subject_id,session_id,name,session_type,stage,image_set,session_number,session_date,session_time,age_days,genotype,sex,date_of_birth,rig,project_name,processed_stamp,_id,in_capsule
782149,multiplane-ophys_782149_2025-03-25_09-46-08,multiplane-ophys_782149_2025-03-25_09-46-08_processed_2026-08-19_00-32-51,TRAINING_0_gratings_autorewards_15min,TRAINING_0,,1,2025-03-25,09:46:08.591468,108,Slc32a1-IRES-Cre/wt;Oi1(TIT2L-jGCaMP8s-WPRE-ICL-IRES-tTA2)/wt,Male,2024-12-07,MESO.2,LearningmFISHTask1A,2026-08-19_00-32-51,24865b94-ffd8-4eb9-b062-70fa46a17b39,True
782149,multiplane-ophys_782149_2025-03-28_10-55-25,multiplane-ophys_782149_2025-03-28_10-55-25_processed_2026-08-19_00-34-09,TRAINING_1_gratings,TRAINING_1,,2,2025-03-28,10:55:25.569080,111,Slc32a1-IRES-Cre/wt;Oi1(TIT2L-jGCaMP8s-WPRE-ICL-IRES-tTA2)/wt,Male,2024-12-07,MESO.1,LearningmFISHTask1A,2026-08-19_00-34-09,2bef1d11-dc35-4b8b-b825-7145bb0fe603,True
782149,multiplane-ophys_782149_2025-03-29_10-10-29,multiplane-ophys_782149_2025-03-29_10-10-29_processed_2026-08-19_00-33-54,TRAINING_1_gratings,TRAINING_1,,3,2025-03-29,10:10:29.493070,112,Slc32a1-IRES-Cre/wt;Oi1(TIT2L-jGCaMP8s-WPRE-ICL-IRES-tTA2)/wt,Male,2024-12-07,MESO.1,Learning mFISH-V1omFISH,2026-08-19_00-33-54,c1a6d250-dea5-4de5-8185-29a92e405878,True
782149,multiplane-ophys_782149_2025-03-31_12-23-33,multiplane-ophys_782149_2025-03-31_12-23-33_processed_2026-08-19_00-34-28,TRAINING_1_gratings,TRAINING_1,,4,2025-03-31,12:23:33.753970,114,Slc32a1-IRES-Cre/wt;Oi1(TIT2L-jGCaMP8s-WPRE-ICL-IRES-tTA2)/wt,Male,2024-12-07,MESO.1,LearningmFISHTask1A,2026-08-19_00-34-28,edbe415f-da52-4f07-86b3-957fb399c4a6,True
782149,multiplane-ophys_782149_2025-04-01_09-42-11,multiplane-ophys_782149_2025-04-01_09-42-11_processed_2026-08-19_00-33-58,TRAINING_2_gratings_flashed,TRAINING_2,,5,2025-04-01,09:42:11.814685,115,Slc32a1-IRES-Cre/wt;Oi1(TIT2L-jGCaMP8s-WPRE-ICL-IRES-tTA2)/wt,Male,2024-12-07,MESO.1,LearningmFISHTask1A,2026-08-19_00-33-58,b670a19a-435f-401b-a63c-53ce8bd9c29f,True
782149,multiplane-ophys_782149_2025-04-02_12-16-24,multiplane-ophys_782149_2025-04-02_12-16-24_processed_2026-08-19_00-34-02,TRAINING_3_images_A_10uL_reward,TRAINING_3,A,6,2025-04-02,12:16:24.347832,116,Slc32a1-IRES-Cre/wt;Oi1(TIT2L-jGCaMP8s-WPRE-ICL-IRES-tTA2)/wt,Male,2024-12-07,MESO.1,LearningmFISHTask1A,2026-08-19_00-34-02,81e1e0cc-2326-405b-b508-cf3b564341e2,True
782149,multiplane-ophys_782149_2025-04-04_11-39-31,multiplane-ophys_782149_2025-04-04_11-39-31_processed_2026-08-19_00-34-04,TRAINING_3_images_A_10uL_reward,TRAINING_3,A,7,2025-04-04,11:39:31.012983,118,Slc32a1-IRES-Cre/wt;Oi1(TIT2L-jGCaMP8s-WPRE-ICL-IRES-tTA2)/wt,Male,2024-12-07,MESO.1,Learning mFISH-V1omFISH,2026-08-19_00-34-04,0c7751aa-8f88-44b0-b41d-9549729a73b6,True
782149,multiplane-ophys_782149_2025-04-08_09-28-39,multiplane-ophys_782149_2025-04-08_09-28-39_processed_2026-08-19_00-34-01,TRAINING_3_images_A_10uL_reward,TRAINING_3,A,8,2025-04-08,09:28:39.721364,122,Slc32a1-IRES-Cre/wt;Oi1(TIT2L-jGCaMP8s-WPRE-ICL-IRES-tTA2)/wt,Male,2024-12-07,MESO.1,LearningmFISHTask1A,2026-08-19_00-34-01,c4f77a4a-2212-4c31-bdfe-ed52fb96c1cd,True
782149,multiplane-ophys_782149_2025-04-09_09-46-45,multiplane-ophys_782149_2025-04-09_09-46-45_processed_2026-08-19_00-33-57,TRAINING_4_images_A_training,TRAINING_4,A,9,2025-04-09,09:46:45.121922,123,Slc32a1-IRES-Cre/wt;Oi1(TIT2L-jGCaMP8s-WPRE-ICL-IRES-tTA2)/wt,Male,2024-12-07,MESO.1,LearningmFISHTask1A,2026-08-19_00-33-57,050cad7b-523b-4343-bcd8-e0a9a2de4fd2,True
782149,multiplane-ophys_782149_2025-04-10_09-26-55,multiplane-ophys_782149_2025-04-10_09-26-55_processed_2026-08-19_00-34-32,TRAINING_5_images_A_epilogue,TRAINING_5,A,10,2025-04-10,09:26:55.042787,124,Slc32a1-IRES-Cre/wt;Oi1(TIT2L-jGCaMP8s-WPRE-ICL-IRES-tTA2)/wt,Male,2024-12-07,MESO.1,LearningmFISHTask1A,2026-08-19_00-34-32,66bacb53-530a-4932-8cda-1639e9c81422,True
782149,multiplane-ophys_782149_2025-04-11_09-47-54,multiplane-ophys_782149_2025-04-11_09-47-54_processed_2026-08-19_00-34-37,TRAINING_5_images_A_handoff_ready,TRAINING_5,A,11,2025-04-11,09:47:54.486287,125,Slc32a1-IRES-Cre/wt;Oi1(TIT2L-jGCaMP8s-WPRE-ICL-IRES-tTA2)/wt,Male,2024-12-07,MESO.1,LearningmFISHTask1A,2026-08-19_00-34-37,8ec6b4e3-1061-417b-8eab-9502c2d95788,True
782149,multiplane-ophys_782149_2025-04-14_12-01-21,multiplane-ophys_782149_2025-04-14_12-01-21_processed_2026-08-19_00-34-31,TRAINING_5_images_A_handoff_lapsed,TRAINING_5,A,12,2025-04-14,12:01:21.281902,128,Slc32a1-IRES-Cre/wt;Oi1(TIT2L-jGCaMP8s-WPRE-ICL-IRES-tTA2)/wt,Male,2024-12-07,MESO.1,LearningmFISHTask1A,2026-08-19_00-34-31,6ea85635-32b9-41d0-86f2-8bec305874e2,True
782149,multiplane-ophys_782149_2025-04-15_09-36-40,multiplane-ophys_782149_2025-04-15_09-36-40_processed_2026-08-19_00-34-44,OPHYS_1_images_A,OPHYS_1,A,13,2025-04-15,09:36:40.772556,129,Slc32a1-IRES-Cre/wt;Oi1(TIT2L-jGCaMP8s-WPRE-ICL-IRES-tTA2)/wt,Male,2024-12-07,MESO.1,LearningmFISHTask1A,2026-08-19_00-34-44,fcd34826-455e-48b0-837a-bfba5b75936a,True
782149,multiplane-ophys_782149_2025-04-16_09-36-19,multiplane-ophys_782149_2025-04-16_09-36-19_processed_2026-08-19_00-34-50,OPHYS_1_images_A,OPHYS_1,A,14,2025-04-16,09:36:19.737038,130,Slc32a1-IRES-Cre/wt;Oi1(TIT2L-jGCaMP8s-WPRE-ICL-IRES-tTA2)/wt,Male,2024-12-07,MESO.1,LearningmFISHTask1A,2026-08-19_00-34-50,32fe3223-af3d-4aba-a57b-dbe16874e502,True
782149,multiplane-ophys_782149_2025-04-23_08-59-23,multiplane-ophys_782149_2025-04-23_08-59-23_processed_2026-08-19_00-34-19,TRAINING_4_images_A_training,TRAINING_4,A,15,2025-04-23,08:59:23.393550,137,Slc32a1-IRES-Cre/wt;Oi1(TIT2L-jGCaMP8s-WPRE-ICL-IRES-tTA2)/wt,Male,2024-12-07,MESO.1,LearningmFISHTask1A,2026-08-19_00-34-19,ed4eb8f2-a19a-49be-921a-2f69884af12e,True
782149,multiplane-ophys_782149_2025-04-25_09-14-05,multiplane-ophys_782149_2025-04-25_09-14-05_processed_2026-08-19_00-35-17,TRAINING_5_images_A_epilogue,TRAINING_5,A,16,2025-04-25,09:14:05.367975,139,Slc32a1-IRES-Cre/wt;Oi1(TIT2L-jGCaMP8s-WPRE-ICL-IRES-tTA2)/wt,Male,2024-12-07,MESO.1,LearningmFISHTask1A,2026-08-19_00-35-17,b95cc9f1-7cba-46bc-a3b8-dc8b92f75382,True
782149,multiplane-ophys_782149_2025-04-28_10-02-28,multiplane-ophys_782149_2025-04-28_10-02-28_processed_2026-08-19_00-34-43,OPHYS_4_images_B,OPHYS_4,B,17,2025-04-28,10:02:28.224191,142,Slc32a1-IRES-Cre/wt;Oi1(TIT2L-jGCaMP8s-WPRE-ICL-IRES-tTA2)/wt,Male,2024-12-07,MESO.1,LearningmFISHTask1A,2026-08-19_00-34-43,6603a3e2-5672-40fd-9f57-3fa4f2400f50,True
782149,multiplane-ophys_782149_2025-04-29_09-15-23,multiplane-ophys_782149_2025-04-29_09-15-23_processed_2026-08-19_00-34-55,OPHYS_4_images_B,OPHYS_4,B,18,2025-04-29,09:15:23.174165,143,Slc32a1-IRES-Cre/wt;Oi1(TIT2L-jGCaMP8s-WPRE-ICL-IRES-tTA2)/wt,Male,2024-12-07,MESO.1,LearningmFISHTask1A,2026-08-19_00-34-55,5f2b0506-730b-4ccd-bd47-ae2a1816612e,True
782149,multiplane-ophys_782149_2025-04-30_11-37-48,multiplane-ophys_782149_2025-04-30_11-37-48_processed_2026-08-19_00-34-45,OPHYS_6_images_B,OPHYS_6,B,19,2025-04-30,11:37:48.704574,144,Slc32a1-IRES-Cre/wt;Oi1(TIT2L-jGCaMP8s-WPRE-ICL-IRES-tTA2)/wt,Male,2024-12-07,MESO.1,LearningmFISHTask1A,2026-08-19_00-34-45,6a170111-6f66-4bb6-8a33-e31e8926171c,True
782149,multiplane-ophys_782149_2025-05-01_09-20-00,multiplane-ophys_782149_2025-05-01_09-20-00_processed_2026-08-19_00-35-10,OPHYS_6_images_B,OPHYS_6,B,20,2025-05-01,09:20:00.996768,145,Slc32a1-IRES-Cre/wt;Oi1(TIT2L-jGCaMP8s-WPRE-ICL-IRES-tTA2)/wt,Male,2024-12-07,MESO.1,LearningmFISHTask1A,2026-08-19_00-35-10,c5575d3b-f758-4b29-97d9-61d5c38541c2,True
782149,multiplane-ophys_782149_2025-05-02_10-55-09,multiplane-ophys_782149_2025-05-02_10-55-09_processed_2026-08-19_00-37-40,STAGE_0,STAGE_0,,21,2025-05-02,10:55:09.778837,146,Slc32a1-IRES-Cre/wt;Oi1(TIT2L-jGCaMP8s-WPRE-ICL-IRES-tTA2)/wt,Male,2024-12-07,MESO.1,U01BFCT,2026-08-19_00-37-40,75670e1c-9bdb-45ac-8a5a-c5e838a1b6a3,True
782149,multiplane-ophys_782149_2025-05-05_11-39-29,multiplane-ophys_782149_2025-05-05_11-39-29_processed_2026-08-19_00-38-38,STAGE_1,STAGE_1,,22,2025-05-05,11:39:29.053104,149,Slc32a1-IRES-Cre/wt;Oi1(TIT2L-jGCaMP8s-WPRE-ICL-IRES-tTA2)/wt,Male,2024-12-07,MESO.1,U01BFCT,2026-08-19_00-38-38,7c4f0fad-1efc-442f-ab8a-4bffd1e61516,True
782149,multiplane-ophys_782149_2025-05-06_09-18-12,multiplane-ophys_782149_2025-05-06_09-18-12_processed_2026-08-19_00-38-34,STAGE_1,STAGE_1,,23,2025-05-06,09:18:12.976231,150,Slc32a1-IRES-Cre/wt;Oi1(TIT2L-jGCaMP8s-WPRE-ICL-IRES-tTA2)/wt,Male,2024-12-07,MESO.1,U01BFCT,2026-08-19_00-38-34,64d91ffc-0323-492a-b730-f2245786fbef,True
782149,multiplane-ophys_782149_2025-05-07_09-10-44,multiplane-ophys_782149_2025-05-07_09-10-44_processed_2026-08-19_00-38-18,STAGE_1,STAGE_1,,24,2025-05-07,09:10:44.279123,151,Slc32a1-IRES-Cre/wt;Oi1(TIT2L-jGCaMP8s-WPRE-ICL-IRES-tTA2)/wt,Male,2024-12-07,MESO.1,U01BFCT,2026-08-19_00-38-18,f31bc302-15cb-4dad-91d0-5282f6dda1ce,True
788406,multiplane-ophys_788406_2025-05-29_11-29-10,multiplane-ophys_788406_2025-05-29_11-29-10_processed_2026-08-19_00-37-07,TRAINING_0_gratings_autorewards_15min,TRAINING_0,,1,2025-05-29,11:29:10.973112,131,Slc32a1-IRES-Cre/wt;Oi1(TIT2L-jGCaMP8s-WPRE-ICL-IRES-tTA2)/wt,Male,2025-01-18,MESO.2,LearningmFISHTask1A,2026-08-19_00-37-07,1e2d0496-680d-406e-85d8-8ad6d0d1c77c,True
788406,multiplane-ophys_788406_2025-05-31_12-37-36,multiplane-ophys_788406_2025-05-31_12-37-36_processed_2026-08-19_00-38-01,TRAINING_1_gratings,TRAINING_1,,2,2025-05-31,12:37:36.213670,133,Slc32a1-IRES-Cre/wt;Oi1(TIT2L-jGCaMP8s-WPRE-ICL-IRES-tTA2)/wt,Male,2025-01-18,MESO.2,LearningmFISHTask1A,2026-08-19_00-38-01,f43d43ee-d6b7-4ad3-8a06-36a075d02da3,True
788406,multiplane-ophys_788406_2025-06-04_07-29-18,multiplane-ophys_788406_2025-06-04_07-29-18_processed_2026-08-19_00-38-20,TRAINING_1_gratings,TRAINING_1,,3,2025-06-04,07:29:18.859732,137,Slc32a1-IRES-Cre/wt;Oi1(TIT2L-jGCaMP8s-WPRE-ICL-IRES-tTA2)/wt,Male,2025-01-18,MESO.2,LearningmFISHTask1A,2026-08-19_00-38-20,80535303-d64c-4ea9-ba23-cae1ee4b570a,True
788406,multiplane-ophys_788406_2025-06-05_09-20-38,multiplane-ophys_788406_2025-06-05_09-20-38_processed_2026-08-19_00-38-04,TRAINING_1_gratings,TRAINING_1,,4,2025-06-05,09:20:38.826880,138,Slc32a1-IRES-Cre/wt;Oi1(TIT2L-jGCaMP8s-WPRE-ICL-IRES-tTA2)/wt,Male,2025-01-18,MESO.2,LearningmFISHTask1A,2026-08-19_00-38-04,25c19000-9a3f-4d30-8823-2e9ade90da06,True
788406,multiplane-ophys_788406_2025-06-06_09-04-24,multiplane-ophys_788406_2025-06-06_09-04-24_processed_2026-08-19_00-38-00,TRAINING_1_gratings,TRAINING_1,,5,2025-06-06,09:04:24.795439,139,Slc32a1-IRES-Cre/wt;Oi1(TIT2L-jGCaMP8s-WPRE-ICL-IRES-tTA2)/wt,Male,2025-01-18,MESO.2,LearningmFISHTask1A,2026-08-19_00-38-00,bcf7e352-c1e3-44fd-93f3-5b12403c42e5,True
788406,multiplane-ophys_788406_2025-06-10_08-54-07,multiplane-ophys_788406_2025-06-10_08-54-07_processed_2026-08-19_00-39-09,TRAINING_1_gratings,TRAINING_1,,6,2025-06-10,08:54:07.495918,143,Slc32a1-IRES-Cre/wt;Oi1(TIT2L-jGCaMP8s-WPRE-ICL-IRES-tTA2)/wt,Male,2025-01-18,MESO.2,Learning mFISH-V1omFISH,2026-08-19_00-39-09,be76664c-2302-4fc1-a467-f2335c15c0fa,True
788406,multiplane-ophys_788406_2025-06-11_08-54-38,multiplane-ophys_788406_2025-06-11_08-54-38_processed_2026-08-19_00-39-40,TRAINING_1_gratings,TRAINING_1,,7,2025-06-11,08:54:38.444037,144,Slc32a1-IRES-Cre/wt;Oi1(TIT2L-jGCaMP8s-WPRE-ICL-IRES-tTA2)/wt,Male,2025-01-18,MESO.2,LearningmFISHTask1A,2026-08-19_00-39-40,6ce793b7-b1b1-4dda-8e97-2a08be45d4ba,True
788406,multiplane-ophys_788406_2025-06-13_09-35-46,multiplane-ophys_788406_2025-06-13_09-35-46_processed_2026-08-19_00-39-27,TRAINING_1_gratings,TRAINING_1,,8,2025-06-13,09:35:46.659299,146,Slc32a1-IRES-Cre/wt;Oi1(TIT2L-jGCaMP8s-WPRE-ICL-IRES-tTA2)/wt,Male,2025-01-18,MESO.2,LearningmFISHTask1A,2026-08-19_00-39-27,79a6d5ef-64ef-4c05-b955-b2d4d9748212,True
788406,multiplane-ophys_788406_2025-06-14_10-03-45,multiplane-ophys_788406_2025-06-14_10-03-45_processed_2026-08-19_00-39-12,TRAINING_1_gratings,TRAINING_1,,9,2025-06-14,10:03:45.250944,147,Slc32a1-IRES-Cre/wt;Oi1(TIT2L-jGCaMP8s-WPRE-ICL-IRES-tTA2)/wt,Male,2025-01-18,MESO.2,Learning mFISH-V1omFISH,2026-08-19_00-39-12,135d6d1e-d2ec-42d2-8fd2-5f055b7c9e3c,True
788406,multiplane-ophys_788406_2025-06-17_09-08-48,multiplane-ophys_788406_2025-06-17_09-08-48_processed_2026-08-19_00-39-24,TRAINING_1_gratings,TRAINING_1,,10,2025-06-17,09:08:48.040950,150,Slc32a1-IRES-Cre/wt;Oi1(TIT2L-jGCaMP8s-WPRE-ICL-IRES-tTA2)/wt,Male,2025-01-18,MESO.2,Learning mFISH-V1omFISH,2026-08-19_00-39-24,06257b4a-002e-4fa6-b0ad-5e1f563ff150,True
788406,multiplane-ophys_788406_2025-06-18_12-47-45,multiplane-ophys_788406_2025-06-18_12-47-45_processed_2026-08-19_00-39-09,TRAINING_1_gratings,TRAINING_1,,11,2025-06-18,12:47:45.705974,151,Slc32a1-IRES-Cre/wt;Oi1(TIT2L-jGCaMP8s-WPRE-ICL-IRES-tTA2)/wt,Male,2025-01-18,MESO.2,Learning mFISH-V1omFISH,2026-08-19_00-39-09,ac261060-d0b6-49a5-80cf-653e17073f16,True
788406,multiplane-ophys_788406_2025-06-20_10-38-42,multiplane-ophys_788406_2025-06-20_10-38-42_processed_2026-08-19_00-39-59,TRAINING_1_gratings,TRAINING_1,,12,2025-06-20,10:38:42.496123,153,Slc32a1-IRES-Cre/wt;Oi1(TIT2L-jGCaMP8s-WPRE-ICL-IRES-tTA2)/wt,Male,2025-01-18,MESO.2,Learning mFISH-V1omFISH,2026-08-19_00-39-59,5ffa6717-6c1c-47dd-81aa-c183b41c465f,True
788406,multiplane-ophys_788406_2025-06-25_12-18-34,multiplane-ophys_788406_2025-06-25_12-18-34_processed_2026-08-19_00-39-31,TRAINING_2_gratings_flashed,TRAINING_2,,13,2025-06-25,12:18:34.432083,158,Slc32a1-IRES-Cre/wt;Oi1(TIT2L-jGCaMP8s-WPRE-ICL-IRES-tTA2)/wt,Male,2025-01-18,MESO.2,Learning mFISH-V1omFISH,2026-08-19_00-39-31,143af111-2704-4dd2-9f7f-d9e8b836d4a9,True
788406,multiplane-ophys_788406_2025-06-26_12-16-41,multiplane-ophys_788406_2025-06-26_12-16-41_processed_2026-08-19_00-39-32,TRAINING_2_gratings_flashed,TRAINING_2,,14,2025-06-26,12:16:41.317601,159,Slc32a1-IRES-Cre/wt;Oi1(TIT2L-jGCaMP8s-WPRE-ICL-IRES-tTA2)/wt,Male,2025-01-18,MESO.2,Learning mFISH-V1omFISH,2026-08-19_00-39-32,00d0f1f1-424f-4344-b727-64a37c2d9aab,True
788406,multiplane-ophys_788406_2025-07-01_11-50-55,multiplane-ophys_788406_2025-07-01_11-50-55_processed_2026-08-19_00-39-19,TRAINING_3_images_A_10uL_reward,TRAINING_3,A,15,2025-07-01,11:50:55.728444,164,Slc32a1-IRES-Cre/wt;Oi1(TIT2L-jGCaMP8s-WPRE-ICL-IRES-tTA2)/wt,Male,2025-01-18,MESO.2,LearningmFISHTask1A,2026-08-19_00-39-19,540ec06c-5cc8-4a43-96c5-c507b0127907,True
788406,multiplane-ophys_788406_2025-07-02_12-17-09,multiplane-ophys_788406_2025-07-02_12-17-09_processed_2026-08-19_00-39-49,TRAINING_3_images_A_10uL_reward,TRAINING_3,A,16,2025-07-02,12:17:09.740716,165,Slc32a1-IRES-Cre/wt;Oi1(TIT2L-jGCaMP8s-WPRE-ICL-IRES-tTA2)/wt,Male,2025-01-18,MESO.2,Learning mFISH-V1omFISH,2026-08-19_00-39-49,7f5bf775-f96f-404e-bda4-960e9c80e9ef,True
788406,multiplane-ophys_788406_2025-07-03_12-12-35,multiplane-ophys_788406_2025-07-03_12-12-35_processed_2026-08-19_00-41-22,TRAINING_3_images_A_10uL_reward,TRAINING_3,A,17,2025-07-03,12:12:35.771511,166,Slc32a1-IRES-Cre/wt;Oi1(TIT2L-jGCaMP8s-WPRE-ICL-IRES-tTA2)/wt,Male,2025-01-18,MESO.2,LearningmFISHTask1A,2026-08-19_00-41-22,4efd6d2f-553e-404d-8f43-37249d678f5e,True
788406,multiplane-ophys_788406_2025-07-07_10-32-03,multiplane-ophys_788406_2025-07-07_10-32-03_processed_2026-08-19_00-42-41,TRAINING_4_images_A_training,TRAINING_4,A,18,2025-07-07,10:32:03.290380,170,Slc32a1-IRES-Cre/wt;Oi1(TIT2L-jGCaMP8s-WPRE-ICL-IRES-tTA2)/wt,Male,2025-01-18,MESO.2,LearningmFISHTask1A,2026-08-19_00-42-41,6b233ee5-7d3f-432e-9f51-fc7905376595,True
788406,multiplane-ophys_788406_2025-07-08_10-15-16,multiplane-ophys_788406_2025-07-08_10-15-16_processed_2026-08-19_00-42-55,TRAINING_5_images_A_epilogue,TRAINING_5,A,19,2025-07-08,10:15:16.024879,171,Slc32a1-IRES-Cre/wt;Oi1(TIT2L-jGCaMP8s-WPRE-ICL-IRES-tTA2)/wt,Male,2025-01-18,MESO.2,Learning mFISH-V1omFISH,2026-08-19_00-42-55,2b487a44-b47f-4a9f-ba41-3ad4963641da,True
788406,multiplane-ophys_788406_2025-07-10_13-36-01,multiplane-ophys_788406_2025-07-10_13-36-01_processed_2026-08-19_00-42-46,TRAINING_5_images_A_handoff_ready,TRAINING_5,A,20,2025-07-10,13:36:01.677532,173,Slc32a1-IRES-Cre/wt;Oi1(TIT2L-jGCaMP8s-WPRE-ICL-IRES-tTA2)/wt,Male,2025-01-18,MESO.2,Learning mFISH-V1omFISH,2026-08-19_00-42-46,4d096db0-fb9d-4217-b264-7360ebe68638,True
788406,multiplane-ophys_788406_2025-07-11_12-25-37,multiplane-ophys_788406_2025-07-11_12-25-37_processed_2026-08-19_00-42-59,OPHYS_1_images_A,OPHYS_1,A,21,2025-07-11,12:25:37.940566,174,Slc32a1-IRES-Cre/wt;Oi1(TIT2L-jGCaMP8s-WPRE-ICL-IRES-tTA2)/wt,Male,2025-01-18,MESO.2,Learning mFISH-V1omFISH,2026-08-19_00-42-59,0f4b9187-7e45-42fc-bd42-76dd195aa502,True
788406,multiplane-ophys_788406_2025-07-14_12-20-34,multiplane-ophys_788406_2025-07-14_12-20-34_processed_2026-08-19_00-42-55,OPHYS_1_images_A,OPHYS_1,A,22,2025-07-14,12:20:34.877536,177,Slc32a1-IRES-Cre/wt;Oi1(TIT2L-jGCaMP8s-WPRE-ICL-IRES-tTA2)/wt,Male,2025-01-18,MESO.2,Learning mFISH-V1omFISH,2026-08-19_00-42-55,d1a8ff6a-af28-4a8b-b707-5cbaa96671d0,True
788406,multiplane-ophys_788406_2025-07-15_10-39-07,multiplane-ophys_788406_2025-07-15_10-39-07_processed_2026-08-19_00-43-01,OPHYS_4_images_B,OPHYS_4,B,23,2025-07-15,10:39:07.604275,178,Slc32a1-IRES-Cre/wt;Oi1(TIT2L-jGCaMP8s-WPRE-ICL-IRES-tTA2)/wt,Male,2025-01-18,MESO.2,Learning mFISH-V1omFISH,2026-08-19_00-43-01,68c0e39c-aa99-422f-80e3-165c778706ef,True
788406,multiplane-ophys_788406_2025-07-16_12-07-35,multiplane-ophys_788406_2025-07-16_12-07-35_processed_2026-08-19_00-42-52,OPHYS_4_images_B,OPHYS_4,B,24,2025-07-16,12:07:35.662743,179,Slc32a1-IRES-Cre/wt;Oi1(TIT2L-jGCaMP8s-WPRE-ICL-IRES-tTA2)/wt,Male,2025-01-18,MESO.2,Learning mFISH-V1omFISH,2026-08-19_00-42-52,042c2044-d3d1-4d67-a812-ed91c85fc578,True
788406,multiplane-ophys_788406_2025-07-17_12-43-19,multiplane-ophys_788406_2025-07-17_12-43-19_processed_2026-08-19_00-42-44,OPHYS_6_images_B,OPHYS_6,B,25,2025-07-17,12:43:19.506965,180,Slc32a1-IRES-Cre/wt;Oi1(TIT2L-jGCaMP8s-WPRE-ICL-IRES-tTA2)/wt,Male,2025-01-18,MESO.2,Learning mFISH-V1omFISH,2026-08-19_00-42-44,6e1ba23a-7998-4761-ada9-94953a541231,True
788406,multiplane-ophys_788406_2025-07-18_12-17-32,multiplane-ophys_788406_2025-07-18_12-17-32_processed_2026-08-19_00-44-55,OPHYS_6_images_B,OPHYS_6,B,26,2025-07-18,12:17:32.357873,181,Slc32a1-IRES-Cre/wt;Oi1(TIT2L-jGCaMP8s-WPRE-ICL-IRES-tTA2)/wt,Male,2025-01-18,MESO.2,Learning mFISH-V1omFISH,2026-08-19_00-44-55,e573a136-0d25-4588-9a21-9fd261c30f18,True
788406,multiplane-ophys_788406_2025-07-21_11-16-45,multiplane-ophys_788406_2025-07-21_11-16-45_processed_2026-08-19_00-44-01,OPHYS_6_images_B,OPHYS_6,B,27,2025-07-21,11:16:45.247869,184,Slc32a1-IRES-Cre/wt;Oi1(TIT2L-jGCaMP8s-WPRE-ICL-IRES-tTA2)/wt,Male,2025-01-18,MESO.2,Learning mFISH-V1omFISH,2026-08-19_00-44-01,71e35563-bdd4-433f-8393-6abfa3869893,True
788406,multiplane-ophys_788406_2025-07-22_10-10-36,multiplane-ophys_788406_2025-07-22_10-10-36_processed_2026-08-19_00-44-25,STAGE_0,STAGE_0,,28,2025-07-22,10:10:36.427780,185,Slc32a1-IRES-Cre/wt;Oi1(TIT2L-jGCaMP8s-WPRE-ICL-IRES-tTA2)/wt,Male,2025-01-18,MESO.2,Learning mFISH-V1omFISH,2026-08-19_00-44-25,7a92c0f9-9aa4-4ac7-8741-aaed3e6c2616,True
788406,multiplane-ophys_788406_2025-07-23_12-31-02,multiplane-ophys_788406_2025-07-23_12-31-02_processed_2026-08-19_00-44-15,STAGE_0,STAGE_0,,29,2025-07-23,12:31:02.512223,186,Slc32a1-IRES-Cre/wt;Oi1(TIT2L-jGCaMP8s-WPRE-ICL-IRES-tTA2)/wt,Male,2025-01-18,MESO.2,Learning mFISH-V1omFISH,2026-08-19_00-44-15,418edca9-4723-4bff-99fe-5ce8e0bbbb58,True
788406,multiplane-ophys_788406_2025-07-25_11-13-57,multiplane-ophys_788406_2025-07-25_11-13-57_processed_2026-08-19_00-44-00,STAGE_1,STAGE_1,,30,2025-07-25,11:13:57.811540,188,Slc32a1-IRES-Cre/wt;Oi1(TIT2L-jGCaMP8s-WPRE-ICL-IRES-tTA2)/wt,Male,2025-01-18,MESO.2,U01BFCT,2026-08-19_00-44-00,b16d19b1-5e9f-423f-aa49-cdd0a4a5975d,True
788406,multiplane-ophys_788406_2025-07-28_12-22-00,multiplane-ophys_788406_2025-07-28_12-22-00_processed_2026-08-19_00-43-25,STAGE_1,STAGE_1,,31,2025-07-28,12:22:00.356662,191,Slc32a1-IRES-Cre/wt;Oi1(TIT2L-jGCaMP8s-WPRE-ICL-IRES-tTA2)/wt,Male,2025-01-18,MESO.2,Learning mFISH-V1omFISH,2026-08-19_00-43-25,e4cf520b-9b80-451c-8120-6d7398d10b00,True
788406,multiplane-ophys_788406_2025-07-29_10-20-34,multiplane-ophys_788406_2025-07-29_10-20-34_processed_2026-08-19_00-44-03,STAGE_1,STAGE_1,,32,2025-07-29,10:20:34.036173,192,Slc32a1-IRES-Cre/wt;Oi1(TIT2L-jGCaMP8s-WPRE-ICL-IRES-tTA2)/wt,Male,2025-01-18,MESO.2,Learning mFISH-V1omFISH,2026-08-19_00-44-03,0622c4aa-d66c-4f15-96f2-7009b445f5dd,True
790322,multiplane-ophys_790322_2025-06-11_15-09-29,multiplane-ophys_790322_2025-06-11_15-09-29_processed_2026-08-19_00-42-46,TRAINING_0_gratings_autorewards_15min,TRAINING_0,,1,2025-06-11,15:09:29.438454,131,Slc32a1-IRES-Cre/wt;Oi1(TIT2L-jGCaMP8s-WPRE-ICL-IRES-tTA2)/wt,Male,2025-01-31,MESO.2,LearningmFISHTask1A,2026-08-19_00-42-46,282cb52e-4815-4716-ae02-5c2f8db5ca51,True
790322,multiplane-ophys_790322_2025-06-12_15-23-11,multiplane-ophys_790322_2025-06-12_15-23-11_processed_2026-08-19_00-43-34,TRAINING_1_gratings,TRAINING_1,,2,2025-06-12,15:23:11.012984,132,Slc32a1-IRES-Cre/wt;Oi1(TIT2L-jGCaMP8s-WPRE-ICL-IRES-tTA2)/wt,Male,2025-01-31,MESO.2,LearningmFISHTask1A,2026-08-19_00-43-34,3fdaaec3-d08a-4f6e-96db-c745b3f63e4e,True
790322,multiplane-ophys_790322_2025-06-13_14-57-49,multiplane-ophys_790322_2025-06-13_14-57-49_processed_2026-08-19_00-44-45,TRAINING_1_gratings,TRAINING_1,,3,2025-06-13,14:57:49.289128,133,Slc32a1-IRES-Cre/wt;Oi1(TIT2L-jGCaMP8s-WPRE-ICL-IRES-tTA2)/wt,Male,2025-01-31,MESO.2,LearningmFISHTask1A,2026-08-19_00-44-45,a7a03e2e-70e6-4072-930a-e3f6774f1508,True
790322,multiplane-ophys_790322_2025-06-16_12-24-56,multiplane-ophys_790322_2025-06-16_12-24-56_processed_2026-08-19_00-44-48,TRAINING_1_gratings,TRAINING_1,,4,2025-06-16,12:24:56.391358,136,Slc32a1-IRES-Cre/wt;Oi1(TIT2L-jGCaMP8s-WPRE-ICL-IRES-tTA2)/wt,Male,2025-01-31,MESO.2,Learning mFISH-V1omFISH,2026-08-19_00-44-48,8b0ee86b-c308-41d8-aa38-9bc96c6ac605,True
790322,multiplane-ophys_790322_2025-06-17_15-44-27,multiplane-ophys_790322_2025-06-17_15-44-27_processed_2026-08-19_00-45-41,TRAINING_2_gratings_flashed,TRAINING_2,,5,2025-06-17,15:44:27.001798,137,Slc32a1-IRES-Cre/wt;Oi1(TIT2L-jGCaMP8s-WPRE-ICL-IRES-tTA2)/wt,Male,2025-01-31,MESO.2,Learning mFISH-V1omFISH,2026-08-19_00-45-41,00ab64a1-a450-4908-95ce-2f0994c3a895,True
790322,multiplane-ophys_790322_2025-06-18_14-34-44,multiplane-ophys_790322_2025-06-18_14-34-44_processed_2026-08-19_00-46-44,TRAINING_2_gratings_flashed,TRAINING_2,,6,2025-06-18,14:34:44.250111,138,Slc32a1-IRES-Cre/wt;Oi1(TIT2L-jGCaMP8s-WPRE-ICL-IRES-tTA2)/wt,Male,2025-01-31,MESO.2,Learning mFISH-V1omFISH,2026-08-19_00-46-44,441c0c47-9d0c-453f-8683-52ade0e03303,True
790322,multiplane-ophys_790322_2025-06-23_12-18-18,multiplane-ophys_790322_2025-06-23_12-18-18_processed_2026-08-19_00-46-52,TRAINING_3_images_A_10uL_reward,TRAINING_3,A,7,2025-06-23,12:18:18.942838,143,Slc32a1-IRES-Cre/wt;Oi1(TIT2L-jGCaMP8s-WPRE-ICL-IRES-tTA2)/wt,Male,2025-01-31,MESO.2,LearningmFISHTask1A,2026-08-19_00-46-52,6dfb0560-4e21-49c1-8d79-8c1088483f08,True
790322,multiplane-ophys_790322_2025-06-24_12-14-55,multiplane-ophys_790322_2025-06-24_12-14-55_processed_2026-08-19_00-47-19,TRAINING_3_images_A_10uL_reward,TRAINING_3,A,8,2025-06-24,12:14:55.472790,144,Slc32a1-IRES-Cre/wt;Oi1(TIT2L-jGCaMP8s-WPRE-ICL-IRES-tTA2)/wt,Male,2025-01-31,MESO.2,LearningmFISHTask1A,2026-08-19_00-47-19,c8c881e8-f3d9-47d8-beac-86e661844b00,True
790322,multiplane-ophys_790322_2025-06-25_14-02-09,multiplane-ophys_790322_2025-06-25_14-02-09_processed_2026-08-19_00-46-34,TRAINING_3_images_A_10uL_reward,TRAINING_3,A,9,2025-06-25,14:02:09.505297,145,Slc32a1-IRES-Cre/wt;Oi1(TIT2L-jGCaMP8s-WPRE-ICL-IRES-tTA2)/wt,Male,2025-01-31,MESO.2,Learning mFISH-V1omFISH,2026-08-19_00-46-34,bb814ae5-7760-4581-b901-e3277aba1460,True
790322,multiplane-ophys_790322_2025-06-26_14-34-26,multiplane-ophys_790322_2025-06-26_14-34-26_processed_2026-08-19_00-46-42,TRAINING_4_images_A_training,TRAINING_4,A,10,2025-06-26,14:34:26.197007,146,Slc32a1-IRES-Cre/wt;Oi1(TIT2L-jGCaMP8s-WPRE-ICL-IRES-tTA2)/wt,Male,2025-01-31,MESO.2,LearningmFISHTask1A,2026-08-19_00-46-42,0b0d1f29-7291-415c-88f4-c6c0a354393a,True
790322,multiplane-ophys_790322_2025-06-30_11-27-24,multiplane-ophys_790322_2025-06-30_11-27-24_processed_2026-08-19_00-47-07,TRAINING_5_images_A_epilogue,TRAINING_5,A,11,2025-06-30,11:27:24.203809,150,Slc32a1-IRES-Cre/wt;Oi1(TIT2L-jGCaMP8s-WPRE-ICL-IRES-tTA2)/wt,Male,2025-01-31,MESO.2,Learning mFISH-V1omFISH,2026-08-19_00-47-07,34ab825f-e46f-4536-b39c-a8870fa5393d,True
790322,multiplane-ophys_790322_2025-07-01_13-35-26,multiplane-ophys_790322_2025-07-01_13-35-26_processed_2026-08-19_00-47-08,TRAINING_5_images_A_handoff_ready,TRAINING_5,A,12,2025-07-01,13:35:26.243427,151,Slc32a1-IRES-Cre/wt;Oi1(TIT2L-jGCaMP8s-WPRE-ICL-IRES-tTA2)/wt,Male,2025-01-31,MESO.2,Learning mFISH-V1omFISH,2026-08-19_00-47-08,4431bdf2-c3a1-4caf-bd30-cbe3bb19bfe4,True
790322,multiplane-ophys_790322_2025-07-02_14-00-54,multiplane-ophys_790322_2025-07-02_14-00-54_processed_2026-08-19_00-47-14,OPHYS_1_images_A,OPHYS_1,A,13,2025-07-02,14:00:54.943455,152,Slc32a1-IRES-Cre/wt;Oi1(TIT2L-jGCaMP8s-WPRE-ICL-IRES-tTA2)/wt,Male,2025-01-31,MESO.2,Learning mFISH-V1omFISH,2026-08-19_00-47-14,c562676e-a926-4fd3-a47c-811cac7b70d5,True
790322,multiplane-ophys_790322_2025-07-03_14-03-48,multiplane-ophys_790322_2025-07-03_14-03-48_processed_2026-08-19_00-46-52,OPHYS_1_images_A,OPHYS_1,A,14,2025-07-03,14:03:48.900344,153,Slc32a1-IRES-Cre/wt;Oi1(TIT2L-jGCaMP8s-WPRE-ICL-IRES-tTA2)/wt,Male,2025-01-31,MESO.2,Learning mFISH-V1omFISH,2026-08-19_00-46-52,063aa63f-f231-401f-b816-619512e54f4b,True
790322,multiplane-ophys_790322_2025-07-07_12-19-54,multiplane-ophys_790322_2025-07-07_12-19-54_processed_2026-08-19_00-47-54,OPHYS_4_images_B,OPHYS_4,B,15,2025-07-07,12:19:54.006758,157,Slc32a1-IRES-Cre/wt;Oi1(TIT2L-jGCaMP8s-WPRE-ICL-IRES-tTA2)/wt,Male,2025-01-31,MESO.2,Learning mFISH-V1omFISH,2026-08-19_00-47-54,d2a26285-73ca-453c-91c7-f6c5331d2931,True
790322,multiplane-ophys_790322_2025-07-08_12-35-46,multiplane-ophys_790322_2025-07-08_12-35-46_processed_2026-08-19_00-48-15,OPHYS_4_images_B,OPHYS_4,B,16,2025-07-08,12:35:46.277304,158,Slc32a1-IRES-Cre/wt;Oi1(TIT2L-jGCaMP8s-WPRE-ICL-IRES-tTA2)/wt,Male,2025-01-31,MESO.2,Learning mFISH-V1omFISH,2026-08-19_00-48-15,8f91d028-d29c-4c80-9c6d-acf259502395,True
790322,multiplane-ophys_790322_2025-07-10_15-25-55,multiplane-ophys_790322_2025-07-10_15-25-55_processed_2026-08-19_00-47-55,OPHYS_6_images_B,OPHYS_6,B,17,2025-07-10,15:25:55.361040,160,Slc32a1-IRES-Cre/wt;Oi1(TIT2L-jGCaMP8s-WPRE-ICL-IRES-tTA2)/wt,Male,2025-01-31,MESO.2,Learning mFISH-V1omFISH,2026-08-19_00-47-55,a956ebb6-cb85-4f8a-ab62-3de20b0647f2,True
790322,multiplane-ophys_790322_2025-07-11_14-33-34,multiplane-ophys_790322_2025-07-11_14-33-34_processed_2026-08-19_00-48-10,OPHYS_6_images_B,OPHYS_6,B,18,2025-07-11,14:33:34.387170,161,Slc32a1-IRES-Cre/wt;Oi1(TIT2L-jGCaMP8s-WPRE-ICL-IRES-tTA2)/wt,Male,2025-01-31,MESO.2,Learning mFISH-V1omFISH,2026-08-19_00-48-10,27d6753f-c2a2-4909-b0a9-f58d6ac4e6ca,True
790322,multiplane-ophys_790322_2025-07-12_10-41-51,multiplane-ophys_790322_2025-07-12_10-41-51_processed_2026-08-19_00-48-21,STAGE_0,STAGE_0,,19,2025-07-12,10:41:51.486050,162,Slc32a1-IRES-Cre/wt;Oi1(TIT2L-jGCaMP8s-WPRE-ICL-IRES-tTA2)/wt,Male,2025-01-31,MESO.2,U01BFCT,2026-08-19_00-48-21,3fe2ab1b-6ab5-4ae6-b766-bf952040db92,True
790322,multiplane-ophys_790322_2025-08-02_12-29-52,multiplane-ophys_790322_2025-08-02_12-29-52_processed_2026-08-19_00-48-32,STAGE_1,STAGE_1,,20,2025-08-02,12:29:52.014080,183,Slc32a1-IRES-Cre/wt;Oi1(TIT2L-jGCaMP8s-WPRE-ICL-IRES-tTA2)/wt,Male,2025-01-31,MESO.2,Learning mFISH-V1omFISH,2026-08-19_00-48-32,309b5a7a-9ba8-47cf-91fc-f35ca72e2284,True
790322,multiplane-ophys_790322_2025-08-05_08-54-42,multiplane-ophys_790322_2025-08-05_08-54-42_processed_2026-08-19_00-49-05,STAGE_1,STAGE_1,,21,2025-08-05,08:54:42.563160,186,Slc32a1-IRES-Cre/wt;Oi1(TIT2L-jGCaMP8s-WPRE-ICL-IRES-tTA2)/wt,Male,2025-01-31,MESO.2,U01BFCT,2026-08-19_00-49-05,cd1fa8e9-9cf5-4a91-833d-8470f6af1929,True
790322,multiplane-ophys_790322_2025-08-06_09-43-14,multiplane-ophys_790322_2025-08-06_09-43-14_processed_2026-08-19_00-49-02,STAGE_1,STAGE_1,,22,2025-08-06,09:43:14.861103,187,Slc32a1-IRES-Cre/wt;Oi1(TIT2L-jGCaMP8s-WPRE-ICL-IRES-tTA2)/wt,Male,2025-01-31,MESO.2,U01BFCT,2026-08-19_00-49-02,99ce5423-3232-4054-a683-311549ff82fd,True
790322,multiplane-ophys_790322_2025-08-13_10-27-05,multiplane-ophys_790322_2025-08-13_10-27-05_processed_2026-08-19_00-48-02,TRAINING_0_gratings_autorewards_15min,TRAINING_0,,23,2025-08-13,10:27:05.310265,194,Slc32a1-IRES-Cre/wt;Oi1(TIT2L-jGCaMP8s-WPRE-ICL-IRES-tTA2)/wt,Male,2025-01-31,MESO.1,ISIx,2026-08-19_00-48-02,6ee2a0c9-8b0d-436e-bc29-8decc3eff967,True
790322,multiplane-ophys_790322_2025-08-21_09-55-07,multiplane-ophys_790322_2025-08-21_09-55-07_processed_2026-08-19_00-48-39,STAGE_1,STAGE_1,,24,2025-08-21,09:55:07.643210,202,Slc32a1-IRES-Cre/wt;Oi1(TIT2L-jGCaMP8s-WPRE-ICL-IRES-tTA2)/wt,Male,2025-01-31,MESO.2,ISIx,2026-08-19_00-48-39,80957fa1-eb16-4c51-9530-7c05fd87ccd5,True
800792,multiplane-ophys_800792_2025-07-22_12-20-40,multiplane-ophys_800792_2025-07-22_12-20-40_processed_2026-08-19_00-48-53,TRAINING_0_gratings_autorewards_15min,TRAINING_0,,1,2025-07-22,12:20:40.506597,107,Slc32a1-IRES-Cre/wt;Oi1(TIT2L-jGCaMP8s-WPRE-ICL-IRES-tTA2)/wt,Female,2025-04-06,MESO.2,Learning mFISH-V1omFISH,2026-08-19_00-48-53,e51cbf17-36b7-4d66-9974-c3ef046a8a84,True
800792,multiplane-ophys_800792_2025-07-23_14-42-38,multiplane-ophys_800792_2025-07-23_14-42-38_processed_2026-08-19_00-50-59,TRAINING_1_gratings,TRAINING_1,,2,2025-07-23,14:42:38.811219,108,Slc32a1-IRES-Cre/wt;Oi1(TIT2L-jGCaMP8s-WPRE-ICL-IRES-tTA2)/wt,Female,2025-04-06,MESO.2,Learning mFISH-V1omFISH,2026-08-19_00-50-59,2e06d690-8b8f-4a51-9179-d360f502352b,True
800792,multiplane-ophys_800792_2025-07-25_13-02-10,multiplane-ophys_800792_2025-07-25_13-02-10_processed_2026-08-19_00-50-48,TRAINING_1_gratings,TRAINING_1,,3,2025-07-25,13:02:10.389306,110,Slc32a1-IRES-Cre/wt;Oi1(TIT2L-jGCaMP8s-WPRE-ICL-IRES-tTA2)/wt,Female,2025-04-06,MESO.2,Learning mFISH-V1omFISH,2026-08-19_00-50-48,48f2a912-f0b4-4e24-baf3-858e8b4228bd,True
800792,multiplane-ophys_800792_2025-07-28_14-16-53,multiplane-ophys_800792_2025-07-28_14-16-53_processed_2026-08-19_00-50-56,TRAINING_1_gratings,TRAINING_1,,4,2025-07-28,14:16:53.759612,113,Slc32a1-IRES-Cre/wt;Oi1(TIT2L-jGCaMP8s-WPRE-ICL-IRES-tTA2)/wt,Female,2025-04-06,MESO.2,Learning mFISH-V1omFISH,2026-08-19_00-50-56,2ae2af67-81d6-48dc-8363-acbd8bf3d1d3,True
800792,multiplane-ophys_800792_2025-07-29_12-31-47,multiplane-ophys_800792_2025-07-29_12-31-47_processed_2026-08-19_00-51-10,TRAINING_1_gratings,TRAINING_1,,5,2025-07-29,12:31:47.879642,114,Slc32a1-IRES-Cre/wt;Oi1(TIT2L-jGCaMP8s-WPRE-ICL-IRES-tTA2)/wt,Female,2025-04-06,MESO.2,Learning mFISH-V1omFISH,2026-08-19_00-51-10,81447e0c-15b1-470f-beb3-4a4041c72283,True
800792,multiplane-ophys_800792_2025-07-30_13-59-33,multiplane-ophys_800792_2025-07-30_13-59-33_processed_2026-08-19_00-51-07,TRAINING_2_gratings_flashed,TRAINING_2,,6,2025-07-30,13:59:33.670874,115,Slc32a1-IRES-Cre/wt;Oi1(TIT2L-jGCaMP8s-WPRE-ICL-IRES-tTA2)/wt,Female,2025-04-06,MESO.2,LearningmFISHTask1A,2026-08-19_00-51-07,53a0a121-dc54-42f7-bc44-65107be1e335,True
800792,multiplane-ophys_800792_2025-07-31_12-37-11,multiplane-ophys_800792_2025-07-31_12-37-11_processed_2026-08-19_00-51-09,TRAINING_2_gratings_flashed,TRAINING_2,,7,2025-07-31,12:37:11.683607,116,Slc32a1-IRES-Cre/wt;Oi1(TIT2L-jGCaMP8s-WPRE-ICL-IRES-tTA2)/wt,Female,2025-04-06,MESO.2,LearningmFISHTask1A,2026-08-19_00-51-09,475a0bc7-9abe-4978-9933-7b4553f0bfa8,True
800792,multiplane-ophys_800792_2025-08-04_11-43-33,multiplane-ophys_800792_2025-08-04_11-43-33_processed_2026-08-19_00-51-15,TRAINING_3_images_A_10uL_reward,TRAINING_3,A,8,2025-08-04,11:43:33.514901,120,Slc32a1-IRES-Cre/wt;Oi1(TIT2L-jGCaMP8s-WPRE-ICL-IRES-tTA2)/wt,Female,2025-04-06,MESO.2,Learning mFISH-V1omFISH,2026-08-19_00-51-15,00c22e98-d7e6-4087-93ad-d441bf9e3647,True
800792,multiplane-ophys_800792_2025-08-05_11-15-02,multiplane-ophys_800792_2025-08-05_11-15-02_processed_2026-08-19_00-50-49,TRAINING_3_images_A_10uL_reward,TRAINING_3,A,9,2025-08-05,11:15:02.446528,121,Slc32a1-IRES-Cre/wt;Oi1(TIT2L-jGCaMP8s-WPRE-ICL-IRES-tTA2)/wt,Female,2025-04-06,MESO.2,LearningmFISHTask1A,2026-08-19_00-50-49,49751348-2d63-45ca-8c96-965b682f202c,True
800792,multiplane-ophys_800792_2025-08-07_14-21-47,multiplane-ophys_800792_2025-08-07_14-21-47_processed_2026-08-19_00-51-04,TRAINING_3_images_A_10uL_reward,TRAINING_3,A,10,2025-08-07,14:21:47.637135,123,Slc32a1-IRES-Cre/wt;Oi1(TIT2L-jGCaMP8s-WPRE-ICL-IRES-tTA2)/wt,Female,2025-04-06,MESO.2,LearningmFISHTask1A,2026-08-19_00-51-04,00d55691-6142-4537-85b4-113cf4ead60b,True
800792,multiplane-ophys_800792_2025-08-08_14-53-57,multiplane-ophys_800792_2025-08-08_14-53-57_processed_2026-08-19_00-52-00,TRAINING_3_images_A_10uL_reward,TRAINING_3,A,11,2025-08-08,14:53:57.861510,124,Slc32a1-IRES-Cre/wt;Oi1(TIT2L-jGCaMP8s-WPRE-ICL-IRES-tTA2)/wt,Female,2025-04-06,MESO.2,LearningmFISHTask1A,2026-08-19_00-52-00,a1a86b36-be78-43ba-969d-3eff7dd91e19,True
800792,multiplane-ophys_800792_2025-08-11_12-59-01,multiplane-ophys_800792_2025-08-11_12-59-01_processed_2026-08-19_00-52-18,TRAINING_4_images_A_training,TRAINING_4,A,12,2025-08-11,12:59:01.649956,127,Slc32a1-IRES-Cre/wt;Oi1(TIT2L-jGCaMP8s-WPRE-ICL-IRES-tTA2)/wt,Female,2025-04-06,MESO.2,LearningmFISHTask1A,2026-08-19_00-52-18,393cec85-b6c4-40f0-b3c4-566f7427cb5e,True
800792,multiplane-ophys_800792_2025-08-12_12-34-34,multiplane-ophys_800792_2025-08-12_12-34-34_processed_2026-08-19_00-52-40,TRAINING_5_images_A_epilogue,TRAINING_5,A,13,2025-08-12,12:34:34.689169,128,Slc32a1-IRES-Cre/wt;Oi1(TIT2L-jGCaMP8s-WPRE-ICL-IRES-tTA2)/wt,Female,2025-04-06,MESO.2,Learning mFISH-V1omFISH,2026-08-19_00-52-40,6b124018-9e14-435c-947c-dde3acc970da,True
800792,multiplane-ophys_800792_2025-08-13_14-25-39,multiplane-ophys_800792_2025-08-13_14-25-39_processed_2026-08-19_00-52-36,TRAINING_5_images_A_handoff_ready,TRAINING_5,A,14,2025-08-13,14:25:39.850006,129,Slc32a1-IRES-Cre/wt;Oi1(TIT2L-jGCaMP8s-WPRE-ICL-IRES-tTA2)/wt,Female,2025-04-06,MESO.2,Learning mFISH-V1omFISH,2026-08-19_00-52-36,5e6b855d-5bda-43de-9e5b-a23295143cdb,True
800792,multiplane-ophys_800792_2025-08-14_14-29-33,multiplane-ophys_800792_2025-08-14_14-29-33_processed_2026-08-19_00-52-51,OPHYS_1_images_A,OPHYS_1,A,15,2025-08-14,14:29:33.191287,130,Slc32a1-IRES-Cre/wt;Oi1(TIT2L-jGCaMP8s-WPRE-ICL-IRES-tTA2)/wt,Female,2025-04-06,MESO.2,Learning mFISH-V1omFISH,2026-08-19_00-52-51,2b1622e9-47a4-4b50-bf5d-00c84afa5636,True
800792,multiplane-ophys_800792_2025-08-15_15-13-09,multiplane-ophys_800792_2025-08-15_15-13-09_processed_2026-08-19_00-52-47,OPHYS_1_images_A,OPHYS_1,A,16,2025-08-15,15:13:09.794164,131,Slc32a1-IRES-Cre/wt;Oi1(TIT2L-jGCaMP8s-WPRE-ICL-IRES-tTA2)/wt,Female,2025-04-06,MESO.2,Learning mFISH-V1omFISH,2026-08-19_00-52-47,685febf5-f16e-4e36-acc1-8da93e020857,True
800792,multiplane-ophys_800792_2025-08-18_14-43-32,multiplane-ophys_800792_2025-08-18_14-43-32_processed_2026-08-19_00-53-45,OPHYS_4_images_B,OPHYS_4,B,17,2025-08-18,14:43:32.159080,134,Slc32a1-IRES-Cre/wt;Oi1(TIT2L-jGCaMP8s-WPRE-ICL-IRES-tTA2)/wt,Female,2025-04-06,MESO.2,Learning mFISH-V1omFISH,2026-08-19_00-53-45,c6074a67-cc0b-448d-bd1c-1a9ecba3fc80,True
800792,multiplane-ophys_800792_2025-08-19_13-08-51,multiplane-ophys_800792_2025-08-19_13-08-51_processed_2026-08-19_00-53-37,OPHYS_4_images_B,OPHYS_4,B,18,2025-08-19,13:08:51.115447,135,Slc32a1-IRES-Cre/wt;Oi1(TIT2L-jGCaMP8s-WPRE-ICL-IRES-tTA2)/wt,Female,2025-04-06,MESO.2,Learning mFISH-V1omFISH,2026-08-19_00-53-37,3a3163fe-edce-4745-9c09-0bae4e166bf3,True
800792,multiplane-ophys_800792_2025-08-20_14-43-42,multiplane-ophys_800792_2025-08-20_14-43-42_processed_2026-08-19_00-53-44,OPHYS_6_images_B,OPHYS_6,B,19,2025-08-20,14:43:42.136068,136,Slc32a1-IRES-Cre/wt;Oi1(TIT2L-jGCaMP8s-WPRE-ICL-IRES-tTA2)/wt,Female,2025-04-06,MESO.2,Learning mFISH-V1omFISH,2026-08-19_00-53-44,ef473625-5890-4283-b426-3f87d987015b,True
800792,multiplane-ophys_800792_2025-08-21_14-34-02,multiplane-ophys_800792_2025-08-21_14-34-02_processed_2026-08-19_00-53-28,OPHYS_6_images_B,OPHYS_6,B,20,2025-08-21,14:34:02.870120,137,Slc32a1-IRES-Cre/wt;Oi1(TIT2L-jGCaMP8s-WPRE-ICL-IRES-tTA2)/wt,Female,2025-04-06,MESO.2,Learning mFISH-V1omFISH,2026-08-19_00-53-28,887b673f-4a5a-4607-b9c8-2992c5d725e7,True
800792,multiplane-ophys_800792_2025-08-22_14-37-56,multiplane-ophys_800792_2025-08-22_14-37-56_processed_2026-08-19_00-53-35,OPHYS_6_images_B,OPHYS_6,B,21,2025-08-22,14:37:56.417073,138,Slc32a1-IRES-Cre/wt;Oi1(TIT2L-jGCaMP8s-WPRE-ICL-IRES-tTA2)/wt,Female,2025-04-06,MESO.2,Learning mFISH-V1omFISH,2026-08-19_00-53-35,1ba230c3-441c-490b-b838-2d0e2b1c6696,True
800792,multiplane-ophys_800792_2025-08-25_13-00-38,multiplane-ophys_800792_2025-08-25_13-00-38_processed_2026-08-19_00-55-51,STAGE_0,STAGE_0,,22,2025-08-25,13:00:38.344076,141,Slc32a1-IRES-Cre/wt;Oi1(TIT2L-jGCaMP8s-WPRE-ICL-IRES-tTA2)/wt,Female,2025-04-06,MESO.2,Learning mFISH-V1omFISH,2026-08-19_00-55-51,cdafbcc7-b19f-4cb8-a858-371978d8f288,True
800792,multiplane-ophys_800792_2025-08-26_12-30-21,multiplane-ophys_800792_2025-08-26_12-30-21_processed_2026-08-19_00-55-07,STAGE_1,STAGE_1,,23,2025-08-26,12:30:21.798686,142,Slc32a1-IRES-Cre/wt;Oi1(TIT2L-jGCaMP8s-WPRE-ICL-IRES-tTA2)/wt,Female,2025-04-06,MESO.2,U01BFCT,2026-08-19_00-55-07,b9c4e45b-18d3-4085-9382-ae29d5ae7fd0,True
800792,multiplane-ophys_800792_2025-08-27_14-31-17,multiplane-ophys_800792_2025-08-27_14-31-17_processed_2026-08-19_00-55-25,STAGE_1,STAGE_1,,24,2025-08-27,14:31:17.990069,143,Slc32a1-IRES-Cre/wt;Oi1(TIT2L-jGCaMP8s-WPRE-ICL-IRES-tTA2)/wt,Female,2025-04-06,MESO.2,Learning mFISH-V1omFISH,2026-08-19_00-55-25,b03b1378-3285-45c7-92a3-f9f7a4266c6d,True
800792,multiplane-ophys_800792_2025-08-29_13-40-16,multiplane-ophys_800792_2025-08-29_13-40-16_processed_2026-08-19_00-55-09,STAGE_1,STAGE_1,,25,2025-08-29,13:40:16.012288,145,Slc32a1-IRES-Cre/wt;Oi1(TIT2L-jGCaMP8s-WPRE-ICL-IRES-tTA2)/wt,Female,2025-04-06,MESO.2,Learning mFISH-V1omFISH,2026-08-19_00-55-09,b7314291-68cb-4dda-906f-65c7f90b20d6,True
800792,multiplane-ophys_800792_2025-11-06_11-00-52,multiplane-ophys_800792_2025-11-06_11-00-52_processed_2026-08-19_00-53-54,STAGE_1,STAGE_1,,26,2025-11-06,11:00:52.368687,214,Slc32a1-IRES-Cre/wt;Oi1(TIT2L-jGCaMP8s-WPRE-ICL-IRES-tTA2)/wt,Female,2025-04-06,MESO.2,Learning mFISH-V1omFISH,2026-08-19_00-53-54,ea6681fc-29ff-456b-bbcf-a06a87ad4285,True
800792,multiplane-ophys_800792_2025-11-07_11-04-07,multiplane-ophys_800792_2025-11-07_11-04-07_processed_2026-08-19_00-53-56,STAGE_1,STAGE_1,,27,2025-11-07,11:04:07.999436,215,Slc32a1-IRES-Cre/wt;Oi1(TIT2L-jGCaMP8s-WPRE-ICL-IRES-tTA2)/wt,Female,2025-04-06,MESO.2,Learning mFISH-V1omFISH,2026-08-19_00-53-56,5466dc79-e35f-4fe6-93a0-86b11847dcbb,True
800792,multiplane-ophys_800792_2025-11-11_09-26-07,multiplane-ophys_800792_2025-11-11_09-26-07_processed_2026-08-19_00-53-56,STAGE_1,STAGE_1,,28,2025-11-11,09:26:07.893618,219,Slc32a1-IRES-Cre/wt;Oi1(TIT2L-jGCaMP8s-WPRE-ICL-IRES-tTA2)/wt,Female,2025-04-06,MESO.2,Learning mFISH-V1omFISH,2026-08-19_00-53-56,0ba9e546-7aaf-4db3-be52-d0a1e3a79683,True
800792,multiplane-ophys_800792_2025-11-17_11-16-34,multiplane-ophys_800792_2025-11-17_11-16-34_processed_2026-08-19_00-54-00,STAGE_1,STAGE_1,,29,2025-11-17,11:16:34.705982,225,Slc32a1-IRES-Cre/wt;Oi1(TIT2L-jGCaMP8s-WPRE-ICL-IRES-tTA2)/wt,Female,2025-04-06,MESO.2,Learning mFISH-V1omFISH,2026-08-19_00-54-00,7ed1e8bf-a87b-46eb-aa5e-ecc014b34a1b,True
800995,multiplane-ophys_800995_2025-08-05_13-25-58,multiplane-ophys_800995_2025-08-05_13-25-58_processed_2026-08-19_00-54-24,TRAINING_0_gratings_autorewards_15min,TRAINING_0,,1,2025-08-05,13:25:58.661714,120,Slc32a1-IRES-Cre/wt;Oi1(TIT2L-jGCaMP8s-WPRE-ICL-IRES-tTA2)/wt,Female,2025-04-07,MESO.2,LearningmFISHTask1A,2026-08-19_00-54-24,7b59abf2-cd49-4a36-85e4-2f58c656ca67,True
800995,multiplane-ophys_800995_2025-08-07_12-29-04,multiplane-ophys_800995_2025-08-07_12-29-04_processed_2026-08-19_00-56-29,TRAINING_1_gratings,TRAINING_1,,2,2025-08-07,12:29:04.018771,122,Slc32a1-IRES-Cre/wt;Oi1(TIT2L-jGCaMP8s-WPRE-ICL-IRES-tTA2)/wt,Female,2025-04-07,MESO.2,LearningmFISHTask1A,2026-08-19_00-56-29,0ce1b2c2-a85f-4985-8330-86bad030d1b5,True
800995,multiplane-ophys_800995_2025-08-08_12-49-42,multiplane-ophys_800995_2025-08-08_12-49-42_processed_2026-08-19_00-56-19,TRAINING_1_gratings,TRAINING_1,,3,2025-08-08,12:49:42.427619,123,Slc32a1-IRES-Cre/wt;Oi1(TIT2L-jGCaMP8s-WPRE-ICL-IRES-tTA2)/wt,Female,2025-04-07,MESO.2,Learning mFISH-V1omFISH,2026-08-19_00-56-19,d1be33ef-1a1e-40b5-8c32-0ade1721869a,True
800995,multiplane-ophys_800995_2025-08-11_11-02-36,multiplane-ophys_800995_2025-08-11_11-02-36_processed_2026-08-19_00-56-16,TRAINING_1_gratings,TRAINING_1,,4,2025-08-11,11:02:36.216625,126,Slc32a1-IRES-Cre/wt;Oi1(TIT2L-jGCaMP8s-WPRE-ICL-IRES-tTA2)/wt,Female,2025-04-07,MESO.2,LearningmFISHTask1A,2026-08-19_00-56-16,d17f9ee9-fbb8-4d05-9189-9139635c4af3,True
800995,multiplane-ophys_800995_2025-08-12_10-33-26,multiplane-ophys_800995_2025-08-12_10-33-26_processed_2026-08-19_00-56-36,TRAINING_2_gratings_flashed,TRAINING_2,,5,2025-08-12,10:33:26.848866,127,Slc32a1-IRES-Cre/wt;Oi1(TIT2L-jGCaMP8s-WPRE-ICL-IRES-tTA2)/wt,Female,2025-04-07,MESO.2,LearningmFISHTask1A,2026-08-19_00-56-36,00dbad73-c252-42ac-bab2-bca2ff713745,True
800995,multiplane-ophys_800995_2025-08-13_10-35-25,multiplane-ophys_800995_2025-08-13_10-35-25_processed_2026-08-19_00-57-26,TRAINING_3_images_A_10uL_reward,TRAINING_3,A,6,2025-08-13,10:35:25.380580,128,Slc32a1-IRES-Cre/wt;Oi1(TIT2L-jGCaMP8s-WPRE-ICL-IRES-tTA2)/wt,Female,2025-04-07,MESO.2,LearningmFISHTask1A,2026-08-19_00-57-26,b244c5b1-ce1e-4918-93e8-3739b5ef8422,True
800995,multiplane-ophys_800995_2025-08-14_12-22-10,multiplane-ophys_800995_2025-08-14_12-22-10_processed_2026-08-19_00-57-29,TRAINING_3_images_A_10uL_reward,TRAINING_3,A,7,2025-08-14,12:22:10.559226,129,Slc32a1-IRES-Cre/wt;Oi1(TIT2L-jGCaMP8s-WPRE-ICL-IRES-tTA2)/wt,Female,2025-04-07,MESO.2,Learning mFISH-V1omFISH,2026-08-19_00-57-29,190af76b-3662-4dc9-9d9e-9baff6bae680,True
800995,multiplane-ophys_800995_2025-08-15_12-44-14,multiplane-ophys_800995_2025-08-15_12-44-14_processed_2026-08-19_00-57-33,TRAINING_3_images_A_10uL_reward,TRAINING_3,A,8,2025-08-15,12:44:14.025917,130,Slc32a1-IRES-Cre/wt;Oi1(TIT2L-jGCaMP8s-WPRE-ICL-IRES-tTA2)/wt,Female,2025-04-07,MESO.2,LearningmFISHTask1A,2026-08-19_00-57-33,ecf93892-b45e-47ea-bf42-a8d908149ab8,True
800995,multiplane-ophys_800995_2025-08-18_12-03-27,multiplane-ophys_800995_2025-08-18_12-03-27_processed_2026-08-19_00-58-04,TRAINING_4_images_A_training,TRAINING_4,A,9,2025-08-18,12:03:27.270635,133,Slc32a1-IRES-Cre/wt;Oi1(TIT2L-jGCaMP8s-WPRE-ICL-IRES-tTA2)/wt,Female,2025-04-07,MESO.2,LearningmFISHTask1A,2026-08-19_00-58-04,99b9bf53-339e-47f5-8074-3219039c4bdc,True
800995,multiplane-ophys_800995_2025-08-19_10-54-26,multiplane-ophys_800995_2025-08-19_10-54-26_processed_2026-08-19_00-57-53,TRAINING_5_images_A_epilogue,TRAINING_5,A,10,2025-08-19,10:54:26.087482,134,Slc32a1-IRES-Cre/wt;Oi1(TIT2L-jGCaMP8s-WPRE-ICL-IRES-tTA2)/wt,Female,2025-04-07,MESO.2,Learning mFISH-V1omFISH,2026-08-19_00-57-53,f8143145-88f5-4603-ae1d-d9d1aead5bf1,True
800995,multiplane-ophys_800995_2025-08-20_12-33-49,multiplane-ophys_800995_2025-08-20_12-33-49_processed_2026-08-19_00-57-56,TRAINING_5_images_A_handoff_ready,TRAINING_5,A,11,2025-08-20,12:33:49.286524,135,Slc32a1-IRES-Cre/wt;Oi1(TIT2L-jGCaMP8s-WPRE-ICL-IRES-tTA2)/wt,Female,2025-04-07,MESO.2,Learning mFISH-V1omFISH,2026-08-19_00-57-56,ab76e178-8204-44f8-b97d-2ab119052eed,True
800995,multiplane-ophys_800995_2025-08-21_12-22-40,multiplane-ophys_800995_2025-08-21_12-22-40_processed_2026-08-19_00-57-55,OPHYS_1_images_A,OPHYS_1,A,12,2025-08-21,12:22:40.918319,136,Slc32a1-IRES-Cre/wt;Oi1(TIT2L-jGCaMP8s-WPRE-ICL-IRES-tTA2)/wt,Female,2025-04-07,MESO.2,Learning mFISH-V1omFISH,2026-08-19_00-57-55,730e8c6b-7718-4259-bf0d-2b940d598f6a,True
800995,multiplane-ophys_800995_2025-08-22_12-35-43,multiplane-ophys_800995_2025-08-22_12-35-43_processed_2026-08-19_00-58-52,OPHYS_1_images_A,OPHYS_1,A,13,2025-08-22,12:35:43.551898,137,Slc32a1-IRES-Cre/wt;Oi1(TIT2L-jGCaMP8s-WPRE-ICL-IRES-tTA2)/wt,Female,2025-04-07,MESO.2,Learning mFISH-V1omFISH,2026-08-19_00-58-52,15f73231-42a0-4700-ad53-d08655b2ca90,True
800995,multiplane-ophys_800995_2025-08-25_10-49-46,multiplane-ophys_800995_2025-08-25_10-49-46_processed_2026-08-19_00-59-06,OPHYS_4_images_B,OPHYS_4,B,14,2025-08-25,10:49:46.280048,140,Slc32a1-IRES-Cre/wt;Oi1(TIT2L-jGCaMP8s-WPRE-ICL-IRES-tTA2)/wt,Female,2025-04-07,MESO.2,Learning mFISH-V1omFISH,2026-08-19_00-59-06,4b524236-fa8b-4748-a77d-fc5db26e090d,True
800995,multiplane-ophys_800995_2025-08-26_10-28-40,multiplane-ophys_800995_2025-08-26_10-28-40_processed_2026-08-19_00-59-08,OPHYS_4_images_B,OPHYS_4,B,15,2025-08-26,10:28:40.056012,141,Slc32a1-IRES-Cre/wt;Oi1(TIT2L-jGCaMP8s-WPRE-ICL-IRES-tTA2)/wt,Female,2025-04-07,MESO.2,Learning mFISH-V1omFISH,2026-08-19_00-59-08,9caf4a5d-2b38-42f4-9b5f-85ae76f5a8ac,True
800995,multiplane-ophys_800995_2025-08-27_12-22-08,multiplane-ophys_800995_2025-08-27_12-22-08_processed_2026-08-19_00-59-15,OPHYS_6_images_B,OPHYS_6,B,16,2025-08-27,12:22:08.004108,142,Slc32a1-IRES-Cre/wt;Oi1(TIT2L-jGCaMP8s-WPRE-ICL-IRES-tTA2)/wt,Female,2025-04-07,MESO.2,Learning mFISH-V1omFISH,2026-08-19_00-59-15,319dd363-da41-4305-a382-f88629ae52d9,True
800995,multiplane-ophys_800995_2025-08-29_11-18-22,multiplane-ophys_800995_2025-08-29_11-18-22_processed_2026-08-19_00-59-18,OPHYS_6_images_B,OPHYS_6,B,17,2025-08-29,11:18:22.930496,144,Slc32a1-IRES-Cre/wt;Oi1(TIT2L-jGCaMP8s-WPRE-ICL-IRES-tTA2)/wt,Female,2025-04-07,MESO.2,Learning mFISH-V1omFISH,2026-08-19_00-59-18,42c8538b-6ffd-49c1-aaf5-5322115d9d07,True
800995,multiplane-ophys_800995_2025-09-05_12-12-27,multiplane-ophys_800995_2025-09-05_12-12-27_processed_2026-08-19_01-00-04,OPHYS_6_images_B,OPHYS_6,B,18,2025-09-05,12:12:27.755346,151,Slc32a1-IRES-Cre/wt;Oi1(TIT2L-jGCaMP8s-WPRE-ICL-IRES-tTA2)/wt,Female,2025-04-07,MESO.2,LearningmFISHTask1A,2026-08-19_01-00-04,f4fe460c-3673-4ce9-b0b0-01be1bdb7c8a,True
800995,multiplane-ophys_800995_2025-09-15_12-16-41,multiplane-ophys_800995_2025-09-15_12-16-41_processed_2026-08-19_01-00-17,STAGE_0,STAGE_0,,19,2025-09-15,12:16:41.959735,161,Slc32a1-IRES-Cre/wt;Oi1(TIT2L-jGCaMP8s-WPRE-ICL-IRES-tTA2)/wt,Female,2025-04-07,MESO.2,Learning mFISH-V1omFISH,2026-08-19_01-00-17,b144e8ab-b0bc-440a-93c5-407291b2eaff,True
800995,multiplane-ophys_800995_2025-09-16_12-04-50,multiplane-ophys_800995_2025-09-16_12-04-50_processed_2026-08-19_00-59-21,STAGE_1,STAGE_1,,20,2025-09-16,12:04:50.422560,162,Slc32a1-IRES-Cre/wt;Oi1(TIT2L-jGCaMP8s-WPRE-ICL-IRES-tTA2)/wt,Female,2025-04-07,MESO.2,Learning mFISH-V1omFISH,2026-08-19_00-59-21,a8631da8-7843-41f7-bc55-dc3efdb7b191,True
800995,multiplane-ophys_800995_2025-09-17_14-17-38,multiplane-ophys_800995_2025-09-17_14-17-38_processed_2026-08-19_01-00-30,STAGE_1,STAGE_1,,21,2025-09-17,14:17:38.854584,163,Slc32a1-IRES-Cre/wt;Oi1(TIT2L-jGCaMP8s-WPRE-ICL-IRES-tTA2)/wt,Female,2025-04-07,MESO.2,Learning mFISH-V1omFISH,2026-08-19_01-00-30,371d973f-dba3-4c1a-bc13-5d6c7357f163,True
800995,multiplane-ophys_800995_2025-09-18_11-59-49,multiplane-ophys_800995_2025-09-18_11-59-49_processed_2026-08-19_01-00-45,STAGE_1,STAGE_1,,22,2025-09-18,11:59:49.412938,164,Slc32a1-IRES-Cre/wt;Oi1(TIT2L-jGCaMP8s-WPRE-ICL-IRES-tTA2)/wt,Female,2025-04-07,MESO.2,Learning mFISH-V1omFISH,2026-08-19_01-00-45,84864fbf-7763-468e-812b-5b25a7920ddf,True
800995,multiplane-ophys_800995_2025-09-19_12-11-04,multiplane-ophys_800995_2025-09-19_12-11-04_processed_2026-08-19_01-01-02,CENTER_MOUSEMOTION,,,23,2025-09-19,12:11:04.592895,165,Slc32a1-IRES-Cre/wt;Oi1(TIT2L-jGCaMP8s-WPRE-ICL-IRES-tTA2)/wt,Female,2025-04-07,MESO.2,OpenScope,2026-08-19_01-01-02,f0776fb7-779a-4576-9af0-b23c6925184d,True
800995,multiplane-ophys_800995_2025-11-10_13-12-51,multiplane-ophys_800995_2025-11-10_13-12-51_processed_2026-08-19_00-59-12,STAGE_1,STAGE_1,,24,2025-11-10,13:12:51.019428,217,Slc32a1-IRES-Cre/wt;Oi1(TIT2L-jGCaMP8s-WPRE-ICL-IRES-tTA2)/wt,Female,2025-04-07,MESO.2,Learning mFISH-V1omFISH,2026-08-19_00-59-12,f9ca6218-dbe4-449b-8b08-b95e77d75c59,True
800995,multiplane-ophys_800995_2025-11-12_12-30-02,multiplane-ophys_800995_2025-11-12_12-30-02_processed_2026-08-19_00-59-22,STAGE_1,STAGE_1,,25,2025-11-12,12:30:02.844906,219,Slc32a1-IRES-Cre/wt;Oi1(TIT2L-jGCaMP8s-WPRE-ICL-IRES-tTA2)/wt,Female,2025-04-07,MESO.2,Learning mFISH-V1omFISH,2026-08-19_00-59-22,4efe0f28-9660-46db-be2b-fd51afc7b5d6,True
800995,multiplane-ophys_800995_2025-11-13_10-16-12,multiplane-ophys_800995_2025-11-13_10-16-12_processed_2026-08-19_01-00-17,STAGE_1,STAGE_1,,26,2025-11-13,10:16:12.009860,220,Slc32a1-IRES-Cre/wt;Oi1(TIT2L-jGCaMP8s-WPRE-ICL-IRES-tTA2)/wt,Female,2025-04-07,MESO.2,Learning mFISH-V1omFISH,2026-08-19_01-00-17,945f890e-29dd-4e18-bdf3-d26e120c931f,True
800995,multiplane-ophys_800995_2025-11-14_10-36-31,multiplane-ophys_800995_2025-11-14_10-36-31_processed_2026-08-19_01-00-27,STAGE_1,STAGE_1,,27,2025-11-14,10:36:31.180796,221,Slc32a1-IRES-Cre/wt;Oi1(TIT2L-jGCaMP8s-WPRE-ICL-IRES-tTA2)/wt,Female,2025-04-07,MESO.2,Learning mFISH-V1omFISH,2026-08-19_01-00-27,d1620463-9d91-4983-b0f0-0f3f23951bd8,True
804363,multiplane-ophys_804363_2025-08-12_13-01-00,multiplane-ophys_804363_2025-08-12_13-01-00_processed_2026-08-19_01-00-55,TRAINING_0_gratings_autorewards_15min,TRAINING_0,,1,2025-08-12,13:01:00.094467,107,Slc32a1-IRES-Cre/wt;Oi1(TIT2L-jGCaMP8s-WPRE-ICL-IRES-tTA2)/wt,Female,2025-04-27,MESO.1,LearningmFISHTask1A,2026-08-19_01-00-55,619952db-18a7-42a9-a9eb-7ee7063fe3c4,True
804363,multiplane-ophys_804363_2025-08-13_14-32-41,multiplane-ophys_804363_2025-08-13_14-32-41_processed_2026-08-19_01-01-46,TRAINING_1_gratings,TRAINING_1,,2,2025-08-13,14:32:41.286177,108,Slc32a1-IRES-Cre/wt;Oi1(TIT2L-jGCaMP8s-WPRE-ICL-IRES-tTA2)/wt,Female,2025-04-27,MESO.1,LearningmFISHTask1A,2026-08-19_01-01-46,94bed897-5149-4fd8-8286-945ec4253e59,True
804363,multiplane-ophys_804363_2025-08-14_14-24-15,multiplane-ophys_804363_2025-08-14_14-24-15_processed_2026-08-19_01-01-49,TRAINING_1_gratings,TRAINING_1,,3,2025-08-14,14:24:15.359752,109,Slc32a1-IRES-Cre/wt;Oi1(TIT2L-jGCaMP8s-WPRE-ICL-IRES-tTA2)/wt,Female,2025-04-27,MESO.1,LearningmFISHTask1A,2026-08-19_01-01-49,9ef741ea-49e3-47cc-9820-78ec3162790b,True
804363,multiplane-ophys_804363_2025-08-15_13-19-14,multiplane-ophys_804363_2025-08-15_13-19-14_processed_2026-08-19_01-01-50,TRAINING_2_gratings_flashed,TRAINING_2,,4,2025-08-15,13:19:14.438293,110,Slc32a1-IRES-Cre/wt;Oi1(TIT2L-jGCaMP8s-WPRE-ICL-IRES-tTA2)/wt,Female,2025-04-27,MESO.1,Learning mFISH-V1omFISH,2026-08-19_01-01-50,6dd190ac-f955-4302-b315-1461c82db90c,True
804363,multiplane-ophys_804363_2025-08-18_11-40-56,multiplane-ophys_804363_2025-08-18_11-40-56_processed_2026-08-19_01-02-01,TRAINING_3_images_A_10uL_reward,TRAINING_3,A,5,2025-08-18,11:40:56.230739,113,Slc32a1-IRES-Cre/wt;Oi1(TIT2L-jGCaMP8s-WPRE-ICL-IRES-tTA2)/wt,Female,2025-04-27,MESO.1,LearningmFISHTask1A,2026-08-19_01-02-01,cc39bbbf-0ba9-4279-9a65-7878882b6c5b,True
804363,multiplane-ophys_804363_2025-08-19_11-46-48,multiplane-ophys_804363_2025-08-19_11-46-48_processed_2026-08-19_01-03-05,TRAINING_3_images_A_10uL_reward,TRAINING_3,A,6,2025-08-19,11:46:48.155537,114,Slc32a1-IRES-Cre/wt;Oi1(TIT2L-jGCaMP8s-WPRE-ICL-IRES-tTA2)/wt,Female,2025-04-27,MESO.1,LearningmFISHTask1A,2026-08-19_01-03-05,75dba0fb-efe8-47e3-ad96-ff9ae74766ab,True
804363,multiplane-ophys_804363_2025-08-20_14-57-53,multiplane-ophys_804363_2025-08-20_14-57-53_processed_2026-08-19_01-02-54,TRAINING_3_images_A_10uL_reward,TRAINING_3,A,7,2025-08-20,14:57:53.791831,115,Slc32a1-IRES-Cre/wt;Oi1(TIT2L-jGCaMP8s-WPRE-ICL-IRES-tTA2)/wt,Female,2025-04-27,MESO.1,LearningmFISHTask1A,2026-08-19_01-02-54,780155d6-53d5-4db0-bb92-698168e3f680,True
804363,multiplane-ophys_804363_2025-08-21_14-13-43,multiplane-ophys_804363_2025-08-21_14-13-43_processed_2026-08-19_01-03-00,TRAINING_4_images_A_training,TRAINING_4,A,8,2025-08-21,14:13:43.088154,116,Slc32a1-IRES-Cre/wt;Oi1(TIT2L-jGCaMP8s-WPRE-ICL-IRES-tTA2)/wt,Female,2025-04-27,MESO.1,LearningmFISHTask1A,2026-08-19_01-03-00,f410a9d5-9c89-4ccf-b90b-f766c208648f,True
804363,multiplane-ophys_804363_2025-08-22_10-55-29,multiplane-ophys_804363_2025-08-22_10-55-29_processed_2026-08-19_01-03-42,TRAINING_5_images_A_epilogue,TRAINING_5,A,9,2025-08-22,10:55:29.141443,117,Slc32a1-IRES-Cre/wt;Oi1(TIT2L-jGCaMP8s-WPRE-ICL-IRES-tTA2)/wt,Female,2025-04-27,MESO.1,Learning mFISH-V1omFISH,2026-08-19_01-03-42,80a40679-e65e-4adf-ac31-e3f67224b4ea,True
804363,multiplane-ophys_804363_2025-08-25_11-46-42,multiplane-ophys_804363_2025-08-25_11-46-42_processed_2026-08-19_01-03-40,TRAINING_5_images_A_handoff_ready,TRAINING_5,A,10,2025-08-25,11:46:42.308522,120,Slc32a1-IRES-Cre/wt;Oi1(TIT2L-jGCaMP8s-WPRE-ICL-IRES-tTA2)/wt,Female,2025-04-27,MESO.1,Learning mFISH-V1omFISH,2026-08-19_01-03-40,8e6f98c0-be51-4bf1-a775-91225d5424b7,True
804363,multiplane-ophys_804363_2025-08-26_11-28-57,multiplane-ophys_804363_2025-08-26_11-28-57_processed_2026-08-19_01-03-50,OPHYS_1_images_A,OPHYS_1,A,11,2025-08-26,11:28:57.085497,121,Slc32a1-IRES-Cre/wt;Oi1(TIT2L-jGCaMP8s-WPRE-ICL-IRES-tTA2)/wt,Female,2025-04-27,MESO.1,Learning mFISH-V1omFISH,2026-08-19_01-03-50,d21dfb8c-6e0f-4a06-b48e-bb96e3b7f17d,True
804363,multiplane-ophys_804363_2025-08-28_14-46-56,multiplane-ophys_804363_2025-08-28_14-46-56_processed_2026-08-19_01-04-54,OPHYS_1_images_A,OPHYS_1,A,12,2025-08-28,14:46:56.017018,123,Slc32a1-IRES-Cre/wt;Oi1(TIT2L-jGCaMP8s-WPRE-ICL-IRES-tTA2)/wt,Female,2025-04-27,MESO.1,Learning mFISH-V1omFISH,2026-08-19_01-04-54,b1825193-a800-43fd-aeeb-da4be4c7e1bc,True
804363,multiplane-ophys_804363_2025-08-29_14-47-31,multiplane-ophys_804363_2025-08-29_14-47-31_processed_2026-08-19_01-04-57,OPHYS_4_images_B,OPHYS_4,B,13,2025-08-29,14:47:31.754315,124,Slc32a1-IRES-Cre/wt;Oi1(TIT2L-jGCaMP8s-WPRE-ICL-IRES-tTA2)/wt,Female,2025-04-27,MESO.1,Learning mFISH-V1omFISH,2026-08-19_01-04-57,edb80f69-11aa-4cbc-abe6-64bb2b1a1c41,True
804363,multiplane-ophys_804363_2025-09-02_11-50-29,multiplane-ophys_804363_2025-09-02_11-50-29_processed_2026-08-19_01-05-07,OPHYS_4_images_B,OPHYS_4,B,14,2025-09-02,11:50:29.165700,128,Slc32a1-IRES-Cre/wt;Oi1(TIT2L-jGCaMP8s-WPRE-ICL-IRES-tTA2)/wt,Female,2025-04-27,MESO.1,Learning mFISH-V1omFISH,2026-08-19_01-05-07,d954ac7b-e4fb-4e41-bea2-7fbf06f6ddfc,True
804363,multiplane-ophys_804363_2025-09-03_14-53-32,multiplane-ophys_804363_2025-09-03_14-53-32_processed_2026-08-19_01-05-02,OPHYS_6_images_B,OPHYS_6,B,15,2025-09-03,14:53:32.529344,129,Slc32a1-IRES-Cre/wt;Oi1(TIT2L-jGCaMP8s-WPRE-ICL-IRES-tTA2)/wt,Female,2025-04-27,MESO.1,Learning mFISH-V1omFISH,2026-08-19_01-05-02,a5cc4673-3c56-4feb-8ff2-8fcd0020e360,True
804363,multiplane-ophys_804363_2025-09-04_16-08-45,multiplane-ophys_804363_2025-09-04_16-08-45_processed_2026-08-19_01-05-08,OPHYS_6_images_B,OPHYS_6,B,16,2025-09-04,16:08:45.114554,130,Slc32a1-IRES-Cre/wt;Oi1(TIT2L-jGCaMP8s-WPRE-ICL-IRES-tTA2)/wt,Female,2025-04-27,MESO.1,Learning mFISH-V1omFISH,2026-08-19_01-05-08,088dd246-775b-406c-bb17-2708a7c28793,True
804363,multiplane-ophys_804363_2025-09-05_13-25-33,multiplane-ophys_804363_2025-09-05_13-25-33_processed_2026-08-19_01-05-09,STAGE_0,STAGE_0,,17,2025-09-05,13:25:33.172779,131,Slc32a1-IRES-Cre/wt;Oi1(TIT2L-jGCaMP8s-WPRE-ICL-IRES-tTA2)/wt,Female,2025-04-27,MESO.1,Learning mFISH-V1omFISH,2026-08-19_01-05-09,11299746-764f-4bfc-ba90-1a7bb8ccbf3e,True
804363,multiplane-ophys_804363_2025-09-08_09-24-39,multiplane-ophys_804363_2025-09-08_09-24-39_processed_2026-08-19_01-05-32,STAGE_1,STAGE_1,,18,2025-09-08,09:24:39.253310,134,Slc32a1-IRES-Cre/wt;Oi1(TIT2L-jGCaMP8s-WPRE-ICL-IRES-tTA2)/wt,Female,2025-04-27,MESO.1,Learning mFISH-V1omFISH,2026-08-19_01-05-32,a51580d2-7d74-49c9-8e3b-f1dd35103ccd,True
804363,multiplane-ophys_804363_2025-09-09_11-44-14,multiplane-ophys_804363_2025-09-09_11-44-14_processed_2026-08-19_01-05-33,STAGE_1,STAGE_1,,19,2025-09-09,11:44:14.156559,135,Slc32a1-IRES-Cre/wt;Oi1(TIT2L-jGCaMP8s-WPRE-ICL-IRES-tTA2)/wt,Female,2025-04-27,MESO.1,LearningmFISHTask1A,2026-08-19_01-05-33,1c8d93c3-e57f-4280-9250-a21e493b7de7,True
804363,multiplane-ophys_804363_2025-09-10_14-44-56,multiplane-ophys_804363_2025-09-10_14-44-56_processed_2026-08-19_01-05-12,STAGE_1,STAGE_1,,20,2025-09-10,14:44:56.562364,136,Slc32a1-IRES-Cre/wt;Oi1(TIT2L-jGCaMP8s-WPRE-ICL-IRES-tTA2)/wt,Female,2025-04-27,MESO.1,Learning mFISH-V1omFISH,2026-08-19_01-05-12,6310bc11-47b3-4ed6-8274-14cea897b762,True
804363,multiplane-ophys_804363_2025-09-24_13-00-27,multiplane-ophys_804363_2025-09-24_13-00-27_processed_2026-08-19_01-05-12,CENTER_MOUSEMOTION,,,21,2025-09-24,13:00:27.494083,150,Slc32a1-IRES-Cre/wt;Oi1(TIT2L-jGCaMP8s-WPRE-ICL-IRES-tTA2)/wt,Female,2025-04-27,MESO.1,Learning mFISH-V1omFISH,2026-08-19_01-05-12,d4feb485-b8e9-4887-ae9d-490e076122cd,True
804363,multiplane-ophys_804363_2025-09-29_11-55-50,multiplane-ophys_804363_2025-09-29_11-55-50_processed_2026-08-19_01-06-15,CENTER_MOUSEMOTION,,,22,2025-09-29,11:55:50.008728,155,Slc32a1-IRES-Cre/wt;Oi1(TIT2L-jGCaMP8s-WPRE-ICL-IRES-tTA2)/wt,Female,2025-04-27,MESO.1,OpenScope,2026-08-19_01-06-15,cc816e20-2b8e-4b25-a3fd-3a58ff8e38a1,True
